{"cameraMode":{"drawMode":0,"name":"Shaded","section":"Shading Mode"},"sceneLighting":true,"audioPlay":false,"sceneViewState":{"showFog":true,"showMaterialUpdate":false,"showSkybox":true,"showFlares":true,"showImageEffects":true,"showParticleSystems":true},"in2DMode":false,"pivot":{"x":19.326169967651368,"y":-1.851761817932129,"z":2.4791946411132814},"rotation":{"x":-0.05606454983353615,"y":0.9423617720603943,"z":-0.25959914922714236,"w":-0.20351767539978028},"size":33.47555160522461,"orthographic":false}